Player,Country
SR Tendulkar,INDIA
KC Sangakkara,SRI LANKA
RT Ponting,AUSTRALIA
ST Jayasuriya,SRI LANKA
DPMD Jayawardene,SRI LANKA
Inzamam-ul-Haq,PAKISTAN
V Kohli,INDIA
JH Kallis,SOUTH AFRICA
SC Ganguly,INDIA
R Dravid,INDIA
MS Dhoni,INDIA
CH Gayle,WEST INDIES
BC Lara,WEST INDIES
TM Dilshan,SRI LANKA
Mohammad Yousuf,PAKISTAN
AC Gilchrist,AUSTRALIA
AB de Villiers,SOUTH AFRICA
M Azharuddin,INDIA
PA de Silva,SRI LANKA
RG Sharma,INDIA
Saeed Anwar,PAKISTAN
S Chanderpaul,WEST INDIES
Yuvraj Singh,INDIA
DL Haynes,WEST INDIES
MS Atapattu,SRI LANKA
ME Waugh,AUSTRALIA
LRPL Taylor,NEW ZEALAND
V Sehwag,INDIA
HM Amla,SOUTH AFRICA
HH Gibbs,SOUTH AFRICA
Shahid Afridi,PAKISTAN
SP Fleming,NEW ZEALAND
MJ Clarke,AUSTRALIA
SR Waugh,AUSTRALIA
Shoaib Malik,PAKISTAN
A Ranatunga,SRI LANKA
Javed Miandad,PAKISTAN
EJG Morgan,ENGLAND/IRELAND
Younis Khan,PAKISTAN
Saleem Malik,PAKISTAN
NJ Astle,NEW ZEALAND
GC Smith,SOUTH AFRICA
WU Tharanga,SRI LANKA
MG Bevan,AUSTRALIA
Tamim Iqbal,BANGLADESH
G Kirsten,SOUTH AFRICA
A Flower,ZIMBABWE
IVA Richards,WEST INDIES
MJ Guptill,NEW ZEALAND
Mohammad Hafeez,PAKISTAN
GW Flower,ZIMBABWE
Ijaz Ahmed,PAKISTAN
AR Border,AUSTRALIA
Shakib Al Hasan,BANGLADESH
BRM Taylor,ZIMBABWE
RB Richardson,WEST INDIES
ML Hayden,AUSTRALIA
KS Williamson,NEW ZEALAND
Mushfiqur Rahim,BANGLADESH
BB McCullum,NEW ZEALAND
DM Jones,AUSTRALIA
DC Boon,AUSTRALIA
JN Rhodes,SOUTH AFRICA
JE Root,ENGLAND
Rameez Raja,PAKISTAN
AD Mathews,SRI LANKA
RR Sarwan,WEST INDIES
CL Hooper,WEST INDIES
SR Watson,AUSTRALIA
H Masakadza,ZIMBABWE
SK Raina,INDIA
MN Samuels,WEST INDIES
WJ Cronje,SOUTH AFRICA
S Dhawan,INDIA
F du Plessis,SOUTH AFRICA
MEK Hussey,AUSTRALIA
IR Bell,ENGLAND
A Jadeja,INDIA
DR Martyn,AUSTRALIA
G Gambhir,INDIA
ADR Campbell,ZIMBABWE
RS Mahanama,SRI LANKA
CG Greenidge,WEST INDIES
Misbah-ul-Haq,PAKISTAN
JP Duminy,SOUTH AFRICA
PD Collingwood,ENGLAND
A Symonds,AUSTRALIA
Abdul Razzaq,PAKISTAN
DA Warner,AUSTRALIA
CL Cairns,NEW ZEALAND
Q de Kock,SOUTH AFRICA
Aamer Sohail,PAKISTAN
CD McMillan,NEW ZEALAND
MD Crowe,NEW ZEALAND
MV Boucher,SOUTH AFRICA
AJ Stewart,ENGLAND
AJ Finch,AUSTRALIA
SB Styris,NEW ZEALAND
KP Pietersen,ENGLAND
NS Sidhu,INDIA
CZ Harris,NEW ZEALAND
GR Marsh,AUSTRALIA
E Chigumbura,ZIMBABWE
ME Trescothick,ENGLAND
GA Gooch,ENGLAND
AJ Strauss,ENGLAND
K Srikkanth,INDIA
PR Stirling,IRELAND
WTS Porterfield,IRELAND
AJ Lamb,ENGLAND
Mahmudullah,BANGLADESH
RP Arnold,SRI LANKA
AP Gurusinha,SRI LANKA
JG Wright,NEW ZEALAND
DJ Cullinan,SOUTH AFRICA
GA Hick,ENGLAND
JC Buttler,ENGLAND
SPD Smith,AUSTRALIA
HP Tillakaratne,SRI LANKA
N Kapil Dev,INDIA
Wasim Akram,PAKISTAN
SC Williams,ZIMBABWE
RS Kaluwitharana,SRI LANKA
Imran Khan,PAKISTAN
PV Simmons,WEST INDIES
NV Knight,ENGLAND
LD Chandimal,SRI LANKA
L Klusener,SOUTH AFRICA
SM Pollock,SOUTH AFRICA
MA Taylor,AUSTRALIA
DB Vengsarkar,INDIA
KJ O'Brien,IRELAND
Mohammad Ashraful,BANGLADESH
SO Tikolo,KENYAYA
HH Dippenaar,SOUTH AFRICA
A Flintoff,ENGLAND
T Taibu,ZIMBABWE
JJ Roy,ENGLAND
KC Wessels,AUSTRALIA/SOUTH AFRICA
Babar Azam,PAKISTAN
AC Parore,NEW ZEALAND
Moin Khan,PAKISTAN
Kamran Akmal,PAKISTAN
AN Cook,ENGLAND
HDRL Thirimanne,SRI LANKA
Umar Akmal,PAKISTAN
DI Gower,ENGLAND
KR Rutherford,NEW ZEALAND
BJ Haddin,AUSTRALIA
RJ Shastri,INDIA
SM Gavaskar,INDIA
DS Lehmann,AUSTRALIA
DA Miller,SOUTH AFRICA
GJ Bailey,AUSTRALIA
SD Hope,WEST INDIES
V Sibanda,ZIMBABWE
DJ Bravo,WEST INDIES
AM Rahane,INDIA
HH Streak,ZIMBABWE
WW Hinds,WEST INDIES
GJ Maxwell,AUSTRALIA
JM Bairstow,ENGLAND
DM Bravo,WEST INDIES
IJL Trott,ENGLAND
AL Logie,WEST INDIES
AH Jones,NEW ZEALAND
Mohammad Nabi,AFGHANISTAN
SE Marsh,AUSTRALIA
M Kaif,INDIA
SV Carlisle,ZIMBABWE
MDKJ Perera,SRI LANKA
Mohammad Shahzad,AFGHANISTAN
Salman Butt,PAKISTAN
RG Twose,NEW ZEALAND
GJ Whittall,ZIMBABWE
RS Bopara,ENGLAND
BA Stokes,ENGLAND
Sikandar Raza,ZIMBABWE
Mudassar Nazar,PAKISTAN
EC Joyce,ENGLAND/IRELAND
Ahmed Shehzad,PAKISTAN
NJ O'Brien,IRELAND
Zaheer Abbas,PAKISTAN
CR Ervine,ZIMBABWE
AC Hudson,SOUTH AFRICA
TWM Latham,NEW ZEALAND
VG Kambli,INDIA
Imrul Kayes,BANGLADESH
JDP Oram,NEW ZEALAND
TM Odoyo,KENYAYA
AD Hales,ENGLAND
RA Smith,ENGLAND
L Vincent,NEW ZEALAND
KJ Coetzer,SCOTLAND
KA Pollard,WEST INDIES
CJ Chibhabha,ZIMBABWE
GP Thorpe,ENGLAND
Rahmat Shah,AFGHANISTAN
Asghar Afghan,AFGHANISTAN
VVS Laxman,INDIA
RR Singh,INDIA
N Hussain,ENGLAND
GS Chappell,AUSTRALIA
Sarfaraz Ahmed,PAKISTAN
SRI LANKA Campbell,WEST INDIES
DL Vettori,NEW ZEALAND
S Matsikenyeri,ZIMBABWE
GM Wood,AUSTRALIA
NLTC Perera,SRI LANKA
MJ Greatbatch,NEW ZEALAND
JC Adams,WEST INDIES
Shahriar Nafees,BANGLADESH
D Ramdin,WEST INDIES
RA Jadeja,INDIA
CS MacLeod,SCOTLAND
Habibul Bashar,BANGLADESH
IT Botham,ENGLAND
MW Gatting,ENGLAND
NH Fairbrother,ENGLAND
RL Powell,WEST INDIES
CL White,AUSTRALIA
GC Wilson,IRELAND
CO Obuya,KENYAYA
Yasir Hameed,PAKISTAN
WPUJC Vaas,SRI LANKA
KO Otieno,KENYAYA
SV Manjrekar,INDIA
MP Vaughan,ENGLAND
CH Lloyd,WEST INDIES
GD Elliott,NEW ZEALAND
BKG Mendis,SRI LANKA
KJ Hughes,AUSTRALIA
A Bagai,CANADA
Fakhar Zaman,PAKISTAN
LMP Simmons,WEST INDIES
Aftab Ahmed,BANGLADESH
PJL Dujon,WEST INDIES
M Amarnath,INDIA
KLT Arthurton,WEST INDIES
Imran Nazir,PAKISTAN
RD Berrington,SCOTLAND
Mohsin Khan,PAKISTAN
JV Coney,NEW ZEALAND
DJG Sammy,WEST INDIES
RD Jacobs,WEST INDIES
M Prabhakar,INDIA
Azhar Ali,PAKISTAN
OA Shah,ENGLAND
MW Goodwin,ZIMBABWE
Khaled Mashud,BANGLADESH
BA Edgar,NEW ZEALAND
A Balbirnie,IRELAND
Samiullah Shinwari,AFGHANISTAN
JO Holder,WEST INDIES
DJ Hussey,AUSTRALIA
MA Atherton,ENGLAND
Mashrafe Mortaza,BANGLADESH
MS Wade,AUSTRALIA
MM Ali,ENGLAND
IA Healy,AUSTRALIA
KD Karthik,INDIA
Sir RJ Hadlee,NEW ZEALAND
Soumya Sarkar,BANGLADESH
Imam-ul-Haq,PAKISTAN
Imran Farhat,PAKISTAN
CB Wishart,ZIMBABWE
Rashid Latif,PAKISTAN
DA Gunawardene,SRI LANKA
AT Rayudu,INDIA
ND McKenzie,SOUTH AFRICA
NC Johnson,ZIMBABWE
BA Young,NEW ZEALAND
UDU Chandana,SRI LANKA
CK Kapugedera,SRI LANKA
Haris Sohail,PAKISTAN
GM Turner,NEW ZEALAND
LPC Silva,SRI LANKA
Najibullah Zadran,AFGHANISTAN
Saleem Elahi,PAKISTAN
RL Dias,SRI LANKA
N Dickwella,SRI LANKA
DR Smith,WEST INDIES
UT Khawaja,AUSTRALIA
IK Pathan,INDIA
RN ten Doeschate,NL
DL Houghton,ZIMBABWE
LRD Mendis,SRI LANKA
Azhar Mahmood,PAKISTAN
RS Morton,WEST INDIES
JJ Crowe,NEW ZEALAND
JM Kemp,SOUTH AFRICA
RD Shah,KENYAYA
MA Ouma,KENYAYA
HJH Marshall,NEW ZEALAND
DD Ebrahim,ZIMBABWE
MR Marsh,AUSTRALIA
Nasir Jamshed,PAKISTAN
SO Hetmyer,WEST INDIES
HA Gomes,WEST INDIES
N Boje,SOUTH AFRICA
MO Odumbe,KENYAYA
P Utseya,ZIMBABWE
E Lewis,WEST INDIES
L Ronchi,AUSTRALIA/NEW ZEALAND
GP Howarth,NEW ZEALAND
JD Ryder,NEW ZEALAND
BC Broad,ENGLAND
DO Obuya,KENYAYA
KM Jadhav,INDIA
Asad Shafiq,PAKISTAN
PG Fulton,NEW ZEALAND
Sabbir Rahman,BANGLADESH
KMDN Kulasekara,SRI LANKA
JR Hopes,AUSTRALIA
SM Katich,AUSTRALIA
Javed Omar,BANGLADESH
Raqibul Hasan,BANGLADESH
AA Obanda,KENYAYA
MS Sinclair,NEW ZEALAND
PN Kirsten,SOUTH AFRICA
J Charles,WEST INDIES
MJ Prior,ENGLAND
Nasir Hossain,BANGLADESH
TM Head,AUSTRALIA
NR Mongia,INDIA
C Munro,NEW ZEALAND
JEC Franklin,NEW ZEALAND
AB Agarkar,INDIA
Shoaib Mohammad,PAKISTAN
Basit Ali,PAKISTAN
MN Waller,ZIMBABWE
MD Gunathilaka,SRI LANKA
JDS Neesham,NEW ZEALAND
SP O'Donnell,AUSTRALIA
RR Rossouw,SOUTH AFRICA
Harbhajan Singh,INDIA
SG Law,AUSTRALIA
Alok Kapali,BANGLADESH
GM Hamilton,SCOTLAND
D Mongia,INDIA
RW Marsh,AUSTRALIA
HDPK Dharmasena,SRI LANKA
Shaiman Anwar,UAE
Noor Ali Zadran,AFGHANISTAN
TM Moody,AUSTRALIA
Mohammad Rafique,BANGLADESH
CR Woakes,ENGLAND
B Lee,AUSTRALIA
JA Rudolph,SOUTH AFRICA
Nawroz Mangal,AFGHANISTAN
MH Cross,SCOTLAND
T Mishra,KENYAYA
HM Nicholls,NEW ZEALAND
PL Mommsen,SCOTLAND
MF Maharoof,SRI LANKA
CJ Anderson,NEW ZEALAND
HS Modi,KENYAYA
ES Szwarczynski,NL
VS Solanki,ENGLAND
B Zuiderent,NL
PA Strang,ZIMBABWE
G Boycott,ENGLAND
F Behardien,SOUTH AFRICA
NL McCullum,NEW ZEALAND
Asif Mujtaba,PAKISTAN
DW Randall,ENGLAND
Hashmatullah Shahidi,AFGHANISTAN
DS Smith,WEST INDIES
JK Kamande,KENYAYA
IDS Smith,NEW ZEALAND
C Kieswetter,ENGLAND
Anamul Haque,BANGLADESH
MP Stoinis,AUSTRALIA
KD Mills,NEW ZEALAND
JM How,NEW ZEALAND
Gulbadin Naib,AFGHANISTAN
AD Russell,WEST INDIES
JP Faulkner,AUSTRALIA
DSBP Kuruppu,SRI LANKA
AG Prince,SOUTH AFRICA
SK Warne,AUSTRALIA
SM Patil,INDIA
KOA Powell,WEST INDIES
Rajin Saleh,BANGLADESH
PW Borren,NL
NFI McCallum,SCOTLAND
Khaled Mahmud,BANGLADESH
BL Cairns,NEW ZEALAND
MJ Slater,AUSTRALIA
MJ Horne,NEW ZEALAND
Akram Khan,BANGLADESH
TLW Cooper,NL
Javed Ahmadi,AFGHANISTAN
Naeem Islam,BANGLADESH
DF Watts,SCOTLAND
Waqar Younis,PAKISTAN
Fawad Alam,PAKISTAN
SOUTH AFRICA Thomson,NEW ZEALAND
JF Mooney,IRELAND
GM Ritchie,AUSTRALIA
HH Pandya,INDIA
RR Watson,SCOTLAND
MD Marshall,WEST INDIES
SF Mire,ZIMBABWE
Imad Wasim,PAKISTAN
MG Johnson,AUSTRALIA
RS Madugalle,SRI LANKA
NT Broom,NEW ZEALAND
A Kumble,INDIA
CM Spearman,NEW ZEALAND
RV Uthappa,INDIA
W Barresi,NL
AN Kervezee,NL
S Dhaniram,CANADA
AJ Hall,SOUTH AFRICA
Rashid Khan,AFGHANISTAN
MJ Santner,NEW ZEALAND
TD Paine,AUSTRALIA
KL Rahul,INDIA
JWA Taylor,ENGLAND
J Srinath,INDIA
Yashpal Sharma,INDIA
TT Bresnan,ENGLAND
SHT Kandamby,SRI LANKA
AC Voges,AUSTRALIA
DJ Richardson,SOUTH AFRICA
MA Vermeulen,ZIMBABWE
HK Badani,INDIA
GO Jones,ENGLAND/PNG
TT Samaraweera,SRI LANKA
SB Smith,AUSTRALIA
DL Amiss,ENGLAND
RA Harper,WEST INDIES
WB Phillips,AUSTRALIA
CWJ Athey,ENGLAND
RS Kalpage,SRI LANKA
MAR Samarasekera,SRI LANKA
D Ganga,WEST INDIES
CA Ingram,SOUTH AFRICA
BM McMillan,SOUTH AFRICA
CK Coventry,ZIMBABWE
Anshuman Rath,HKG
PJ Moor,ZIMBABWE
DW Hookes,AUSTRALIA
PJ Hughes,AUSTRALIA
AI Kallicharran,WEST INDIES
JR Ratnayeke,SRI LANKA
GN Yallop,AUSTRALIA
AC Waller,ZIMBABWE
DM de Silva,SRI LANKA
Sharjeel Khan,PAKISTAN
YK Pathan,INDIA
AT Carey,AUSTRALIA
JM Davison,CANADA
Aminul Islam,BANGLADESH
Z Khan,INDIA
GB Hogg,AUSTRALIA
Majid Khan,PAKISTAN
S Wettimuny,SRI LANKA
Babar Hayat,HKG
R Lamba,INDIA
IH Romaine,BERMUDA
JA Morkel,SOUTH AFRICA
Wasim Raja,PAKISTAN
Abdur Razzak,BANGLADESH
AR White,IRELAND
Liton Das,BANGLADESH
Saleem Yousuf,PAKISTAN
CN Evans,ZIMBABWE
Rizwan Cheema,CANADA
KWR Fletcher,ENGLAND
J Dyson,AUSTRALIA
AR Cusack,IRELAND
AG Cremer,ZIMBABWE
G Fowler,ENGLAND
DT Johnston,IRELAND
Manzoor Elahi,PAKISTAN
AM Samad,CANADA
A Vala,PNG
PA Patel,INDIA
Sohaib Maqsood,PAKISTAN
MW Machan,SCOTLAND
CJ Nevin,NEW ZEALAND
N Pooran,WEST INDIES
CJ Tavare,ENGLAND
TP Ura,PNG
MA Ealham,ENGLAND
IJ Harvey,AUSTRALIA
Muhammad Usman,UAE
Saqlain Mushtaq,PAKISTAN
LJ Wright,ENGLAND
Mohammad Rizwan,PAKISTAN
J Mubarak,SRI LANKA
PA Wallace,WEST INDIES
SM Ervine,ZIMBABWE
PL Symcox,SOUTH AFRICA
Rameez Shahzad,UAE
PAJ DeFreitas,ENGLAND
N Deonarine,WEST INDIES
Wahab Riaz,PAKISTAN
JR Murray,WEST INDIES
TG Southee,NEW ZEALAND
R Ashwin,INDIA
Nizakat Khan,HKG
M Muralitharan,SRI LANKA
IM Chappell,AUSTRALIA
DA Marillier,ZIMBABWE
Rohan Mustafa,UAE
R Powell,WEST INDIES
UC Hathurusingha,SRI LANKA
AC Botha,IRELAND
HE van der Dussen,SOUTH AFRICA
CJ Ferguson,AUSTRALIA
LE Plunkett,ENGLAND
S Ramesh,INDIA
AK Markram,SOUTH AFRICA
Qasim Umar,PAKISTAN
Abdul Qadir,PAKISTAN
DL Hemp,BERMUDA
CEL Ambrose,WEST INDIES
BMAJ Mendis,SRI LANKA
C de Grandhomme,NEW ZEALAND
JF Reid,NEW ZEALAND
DLS van Bunge,NL
PSP Handscomb,AUSTRALIA
RMH Binny,INDIA
GR Larsen,NEW ZEALAND
AM Blignaut,ZIMBABWE
DJ Nash,NEW ZEALAND
DN Patel,NEW ZEALAND
RR Patel,KENYAYA
GRJ Matthews,AUSTRALIA
WV Raman,INDIA
GJ Rennie,ZIMBABWE
SFAF Bacchus,WEST INDIES
RJ Ratnayake,SRI LANKA
J Botha,SOUTH AFRICA
D Gough,ENGLAND
AJ Hollioake,ENGLAND
RW Chakabva,ZIMBABWE
RIC Holder,WEST INDIES
RT Robinson,ENGLAND
BM Laird,AUSTRALIA
Mansoor Akhtar,PAKISTAN
W Larkins,ENGLAND
LOB Cann,BERMUDA
AU Rashid,ENGLAND
FDM Karunaratne,SRI LANKA
RJ Nicol,NEW ZEALAND
SB Joshi,INDIA
RT Latham,NEW ZEALAND
Khurram Khan,UAE
R Mutumbami,ZIMBABWE
JL Carter,WEST INDIES
GH Dockrell,IRELAND
DAS Gunaratne,SRI LANKA
BJ Hodge,AUSTRALIA
MJR Rindel,SOUTH AFRICA
Tushar Imran,BANGLADESH
BJ Watling,NEW ZEALAND
C White,ENGLAND
SRI LANKA Malinga,SRI LANKA
RM Haq,SCOTLAND
KS More,INDIA
HG Munsey,SCOTLAND
CR Brathwaite,WEST INDIES
Mominul Haque,BANGLADESH
Aamer Malik,PAKISTAN
RJ Peterson,SOUTH AFRICA
GS Blewett,AUSTRALIA
JN Mohammed,WEST INDIES
Mosaddek Hossain,BANGLADESH
AL Phehlukwayo,SOUTH AFRICA
TJ Friend,ZIMBABWE
T Duffin,ZIMBABWE
Mohammad Wasim,PAKISTAN
XM Marshall,USOUTH AFRICA/WEST INDIES
AP Kuiper,SOUTH AFRICA
P Willey,ENGLAND
MC Snedden,NEW ZEALAND
Athar Ali Khan,BANGLADESH
IS Billcliff,CANADA
SCJ Broad,ENGLAND
NN Odhiambo,KENYAYA
B Kumar,INDIA
Naved-ul-Hasan,PAKISTAN
Amjad Ali,UAE
LK Germon,NEW ZEALAND
Mudassar Bukhari,NL
TAM Siriwardana,SRI LANKA
KM Dabengwa,ZIMBABWE
PK Amre,INDIA
Dawlat Zadran,AFGHANISTAN
KD Walters,AUSTRALIA
JG Bracewell,NEW ZEALAND
DP Viljoen,ZIMBABWE
JM Brearley,ENGLAND
WD Parnell,SOUTH AFRICA
AO Suji,KENYAYA
AN Petersen,SOUTH AFRICA
Taufeeq Umar,PAKISTAN
PR Reiffel,AUSTRALIA
AR Nurse,WEST INDIES
JE Emburey,ENGLAND
Ghulam Shabber,UAE
GP Swann,ENGLAND
JH Davey,SCOTLAND
JJ Tucker,BERMUDA
DJ Callaghan,SOUTH AFRICA
Mohammad Mithun,BANGLADESH
Naimur Rahman,BANGLADESH
JWM Dalrymple,ENGLAND
AC Cummins,CANADA/WEST INDIES
R McLaren,SOUTH AFRICA
MRJ Veletta,AUSTRALIA
CS Baugh,WEST INDIES
AA Mulla,CANADA
SR Patel,ENGLAND
CD Wallace,SCOTLAND
DJ Reekers,NL
TN de Grooth,NL
DA Minors,BERMUDA
BG Rogers,ZIMBABWE
S Lee,AUSTRALIA
SS Iyer,INDIA
Karim Sadiq,AFGHANISTAN
MA Leask,SCOTLAND
CA Best,WEST INDIES
AJ Bichel,AUSTRALIA
L Siaka,PNG
H Patel,CANADA
MD Shanaka,SRI LANKA
CH Morris,SOUTH AFRICA
ALF de Mel,SRI LANKA
AO Malhotra,INDIA
Umar Gul,PAKISTAN
C Sharma,INDIA
GEF Barnett,CANADA
R Gunasekera,CANADA
RR Hendricks,SOUTH AFRICA
MD Dai,PNG
Minhajul Abedin,BANGLADESH
Mehrab Hossain,BANGLADESH
WEST INDIESOUTH AFRICA Fernando,SRI LANKA
TE Blain,NEW ZEALAND
SOUTH AFRICAR Silva,SRI LANKA
MK Pandey,INDIA
GR Viswanath,INDIA
RL Chase,WEST INDIES
JP Maher,AUSTRALIA
AH Omarshah,ZIMBABWE
PL Taylor,AUSTRALIA
DN Chudasama,KENYAYA
CJ McDermott,AUSTRALIA
CJO Smith,SCOTLAND
Shafiqullah,AFGHANISTAN
DR Pringle,ENGLAND
MN van Wyk,SOUTH AFRICA
AK Sharma,INDIA
RC Russell,ENGLAND
AS Hansra,CANADA
S Prasanna,SRI LANKA
SMA Priyanjan,SRI LANKA
AR Adams,NEW ZEALAND
SR Waters,KENYAYA
CO Browne,WEST INDIES
Farhad Reza,BANGLADESH
Usman Ghani,AFGHANISTAN
GB Brent,ZIMBABWE
CB Lambert,USOUTH AFRICA/WEST INDIES
RW Price,ZIMBABWE
IR Bishop,WEST INDIES
EA Brandes,ZIMBABWE
ID Blackwell,ENGLAND
F Mutizwa,ZIMBABWE
JP Bray,IRELAND
RG de Alwis,SRI LANKA
S Madan Lal,INDIA
TBM de Leede,NL
WS Jayantha,SRI LANKA
Mushtaq Ahmed,PAKISTAN
Sohail Tanvir,PAKISTAN
DR Chumney,CANADA
Mohammad Naveed,UAE
IA Karim,KENYAYA
AB Barath,WEST INDIES
Shoaib Akhtar,PAKISTAN
T Thushara,SRI LANKA
PJ Ongondo,KENYAYA
Mirwais Ashraf,AFGHANISTAN
AF Giles,ENGLAND
Hannan Sarkar,BANGLADESH
Sadiq Mohammad,PAKISTAN
Mehidy Hasan Miraz,BANGLADESH
MH Dekker,ZIMBABWE
DM Wellham,AUSTRALIA
S Bau,PNG
U Bhatti,CANADA
GF Lawson,AUSTRALIA
MR Ramprakash,ENGLAND
Al Sahariar,BANGLADESH
CC Lewis,ENGLAND
SMH Kirmani,INDIA
DS de Silva,SRI LANKA
S Chattergoon,WEST INDIES
PJ Forrest,AUSTRALIA
DW Steyn,SOUTH AFRICA
WM Darling,AUSTRALIA
Mohammad Amir,PAKISTAN
SP Narine,WEST INDIES
SS Karim,INDIA
R Rampaul,WEST INDIES
Shahriar Hossain,BANGLADESH
SW Ambris,WEST INDIES
Asif Ali,PAKISTAN
DG Brownlie,NEW ZEALAND
Hazratullah Zazai,AFGHANISTAN
WK McCallan,IRELAND
RC Irani,ENGLAND
Mushfiqur Rahman,BANGLADESH
BJ Patel,KENYAYA
AD Brown,ENGLAND
ADS Fletcher,WEST INDIES
Nasir Jamal,AFGHANISTAN
Wajahatullah Wasti,PAKISTAN
Aaron Jones,USOUTH AFRICA
MA Starc,AUSTRALIA
Zahid Fazal,PAKISTAN
RR Pant,INDIA
RDB Croft,ENGLAND
GP Wickramasinghe,SRI LANKA
DNT Zoysa,SRI LANKA
HH Kanitkar,INDIA
M Vijay,INDIA
BE Congdon,NEW ZEALAND
CM Old,ENGLAND
Shadab Khan,PAKISTAN
MG Burgess,NEW ZEALAND
NM Hauritz,AUSTRALIA
SD Outerbridge,BERMUDA
Tapash Baisya,BANGLADESH
SS Pathirana,SRI LANKA
KA Edwards,WEST INDIES
Manjural Islam Rana,BANGLADESH
S Mukuddem,BERMUDA
Adnan Mufti,UAE
Asif Iqbal,PAKISTAN
ZE Surkari,CANADA
DJ Capel,ENGLAND
MH Yardy,ENGLAND
ML Nkala,ZIMBABWE
Saeed Ajmal,PAKISTAN
RP Snell,SOUTH AFRICA
KJJ van Noortwijk,NL
Anwar Ali,PAKISTAN
CA Walsh,WEST INDIES
RB McCosker,AUSTRALIA
DR Brown,ENGLAND/SCOTLAND
HP Rinke,ZIMBABWE
Faisal Iqbal,PAKISTAN
NAM McLean,WEST INDIES
Mohammad Sami,PAKISTAN
B Wood,ENGLAND
VV Morea,PNG
RC Fredericks,WEST INDIES
BR Hartland,NEW ZEALAND
Chirag Suri,UAE
N Chopra,INDIA
BC Hollioake,ENGLAND
Nafees Iqbal,BANGLADESH
KAJ Roach,WEST INDIES
Ihsanullah,AFGHANISTAN
DM Benkenstein,SOUTH AFRICA
TK Musakanda,ZIMBABWE
LE Bosman,SOUTH AFRICA
CMW Read,ENGLAND
WKM Benjamin,WEST INDIES
GS Ballance,ENGLAND
PA Nixon,ENGLAND
Zahoor Elahi,PAKISTAN
CJA Amini,PNG
DN Crookes,SOUTH AFRICA
AJ Pycroft,ZIMBABWE
DR Tuffey,NEW ZEALAND
DL Murray,WEST INDIES
SJ Myburgh,NL
JL Denly,ENGLAND
SE Bond,NEW ZEALAND
P Kumar,INDIA
SM Sharif,SCOTLAND
Tanwir Afzal,HKG
RN Lewis,WEST INDIES
DA Reeve,ENGLAND
CS Pandit,INDIA
Sanwar Hossain,BANGLADESH
SMSM Senanayake,SRI LANKA
JN Gillespie,AUSTRALIA
IDR Bradshaw,WEST INDIES
KM Curran,ZIMBABWE
LG Howell,NEW ZEALAND
MK Tiwary,INDIA
D Lloyd,ENGLAND
VJ Marks,ENGLAND
JAR Blain,SCOTLAND
NO Miller,WEST INDIES
LP van Troost,NL
A Dananjaya,SRI LANKA
MA Holding,WEST INDIES
MA Jones,SCOTLAND
Hasan Ali,PAKISTAN
S Randiv,SRI LANKA
CL King,WEST INDIES
RS Sodhi,INDIA
DJ Willey,ENGLAND
KC Brathwaite,WEST INDIES
JE Taylor,WEST INDIES
AV Vadher,KENYAYA
Mehrab Hossain jnr,BANGLADESH
JM Anderson,ENGLAND
DT Christian,AUSTRALIA
GH Worker,NEW ZEALAND
SW Billings,ENGLAND
JW Hastings,AUSTRALIA
DT Tiripano,ZIMBABWE
Umar Amin,PAKISTAN
AM Bacher,SOUTH AFRICA
Jahurul Islam,BANGLADESH
KBJ Azad,INDIA
AD Gaekwad,INDIA
AW Greig,ENGLAND
M Morkel,SOUTH AFRICA
Aaqib Javed,PAKISTAN
Shamsur Rahman,BANGLADESH
CA Soper,PNG
JM Vince,ENGLAND
Afsar Zazai,AFGHANISTAN
MH Denness,ENGLAND
S Jyoti,CANADA
SP Patil,UAE
HJW Gardiner,SCOTLAND
Mohammad Saifuddin,BANGLADESH
Naved Latif,PAKISTAN
Aizaz Khan,HKG
MD Patel,USOUTH AFRICA
AR McBrine,IRELAND
K Rabada,SOUTH AFRICA
Ahmed Raza,UAE
KJ Wadsworth,NEW ZEALAND
ML Udawatte,SRI LANKA
SS Dighe,INDIA
R Edwards,AUSTRALIA
AD Poynter,IRELAND
N Vanua,PNG
S Ranatunga,SRI LANKA
IP Butchart,ZIMBABWE
NM Coulter-Nile,AUSTRALIA
J Edness,BERMUDA
JFM Morrison,NEW ZEALAND
HA Varaiya,KENYAYA
H Klaasen,SOUTH AFRICA
JJ Atkinson,HKG
JAH Marshall,NEW ZEALAND
CT Radley,ENGLAND
AR Caddick,ENGLAND
GF Labrooy,SRI LANKA
JD Campbell,WEST INDIES
JM Parker,NEW ZEALAND
RB Reid,NEW ZEALAND
RH Vance,NEW ZEALAND
MA Suji,KENYAYA
A Turner,AUSTRALIA
K Doriga,PNG
AD Mascarenhas,ENGLAND
SM Davies,ENGLAND
JP Kotze,NAM
RAS Lakmal,SRI LANKA
Qaiser Ali,CANADA
RP Burl,ZIMBABWE
BP Patel,INDIA
PR Downton,ENGLAND
Hasan Raza,PAKISTAN
MJ Di Venuto,AUSTRALIA
GD Drummond,SCOTLAND
DK Lillee,AUSTRALIA
CM Wright,SCOTLAND
Amjad Javed,UAE
CRD Fernando,SRI LANKA
J Garner,WEST INDIES
T Panyangara,ZIMBABWE
KJ Arnott,ZIMBABWE
DC Thomas,WEST INDIES
NS Poonia,SCOTLAND
Enamul Haque,BANGLADESH
GJ Hopkins,NEW ZEALAND
LM Jongwe,ZIMBABWE
Khurram Manzoor,PAKISTAN
GR Codrington,CANADA
JP Crawley,ENGLAND
P Khadka,NEPAL
PJ Cummins,AUSTRALIA
Iftikhar Anjum,PAKISTAN
Ikram Alikhil,AFGHANISTAN
P Mustard,ENGLAND
AME Roberts,WEST INDIES
STR Binny,INDIA
TM Chappell,AUSTRALIA
SHU Karnain,SRI LANKA
TM Dowlin,WEST INDIES
DR Flynn,NEW ZEALAND
AY Karim,KENYAYA
SR Thompson,IRELAND
M Dillon,WEST INDIES
AMJ Hilditch,AUSTRALIA
Raza-ur-Rehman,CANADA
BP Julian,AUSTRALIA
KR Stackpole,AUSTRALIA
JH Edrich,ENGLAND
V Shankar,INDIA
KM Jarvis,ZIMBABWE
Aqib Ilyas,OMAN
BKV Prasad,INDIA
Sarfraz Nawaz,PAKISTAN
Wasim Bari,PAKISTAN
HS Baidwan,CANADA
DR Lockhart,SCOTLAND
Y Venugopal Rao,INDIA
NR Kumar,CANADA
FA Rose,WEST INDIES
EO Simons,SOUTH AFRICA
V Dahiya,INDIA
WK Lees,NEW ZEALAND
NO Perry,WEST INDIES
FRJ Coleman,SCOTLAND
MJ Henry,NEW ZEALAND
KS Lokuarachchi,SRI LANKA
CPH Ramanayake,SRI LANKA
Tahir Naqqash,PAKISTAN
Mushtaq Mohammad,PAKISTAN
MHW Papps,NEW ZEALAND
DL Bairstow,ENGLAND
AR Berenger,UAE
PE McEwan,NEW ZEALAND
JA Rennie,ZIMBABWE
APE Knott,ENGLAND
NW Bracken,AUSTRALIA
AJ Burger,NAM
Mohammad Nawaz,PAKISTAN
Moin-ul-Atiq,PAKISTAN
M Ntini,SOUTH AFRICA
Ijaz Faqih,PAKISTAN
GA Lamb,ZIMBABWE
MR Swart,NL
T Maruma,ZIMBABWE
AP Devcich,NEW ZEALAND
GSNFG Jayasuriya,SRI LANKA
ASOUTH AFRICA Perera,SRI LANKA
Akram Raza,PAKISTAN
PJ Ingram,NEW ZEALAND
C Pringle,NEW ZEALAND
V Rathour,INDIA
Simi Singh,IRELAND
MM Iqbal,SCOTLAND
CJ Smith,BERMUDA
Abid Ali,PAKISTAN
DAG Fletcher,ZIMBABWE
TN Madondo,ZIMBABWE
Mohammad Boota,UAE
Shabir Noori,AFGHANISTAN
CJ McKay,AUSTRALIA
Usman Limbada,CANADA
BAW Mendis,SRI LANKA
TJ Murtagh,IRELAND
T Mupariwa,ZIMBABWE
SW Poynter,IRELAND
EAE Baptiste,WEST INDIES
JL Ontong,SOUTH AFRICA
Saadat Ali,PAKISTAN
Sohag Gazi,BANGLADESH
SI de Saram,SRI LANKA
SJ Benn,WEST INDIES
SR Taylor,USOUTH AFRICA
AR Patel,INDIA
JR Thomson,AUSTRALIA
SB Bangar,INDIA
DG Cork,ENGLAND
WF Stelling,NL
B Warnapura,SRI LANKA
Mazhar Hussain,UAE
DM Richards,WEST INDIES
TK Curran,ENGLAND
SC Khanna,INDIA
TC Bastiampillai,CANADA
BR Blair,NEW ZEALAND
GC Dyer,AUSTRALIA
MD Moxon,ENGLAND
GRJ Roope,ENGLAND
SB Doull,NEW ZEALAND
Hasibul Hossain,BANGLADESH
BN Cooper,NL
RP Lefebvre,NL
DK Morrison,NEW ZEALAND
I Udana,SRI LANKA
D Bau,PNG
PS de Villiers,SOUTH AFRICA
SW Masakadza,ZIMBABWE
CJ Jordan,ENGLAND
J Smits,NL
RA Jones,NEW ZEALAND
AF Milne,NEW ZEALAND
CP Rizwan,UAE
AR Whittall,ZIMBABWE
RS Gabriel,WEST INDIES
JE Morris,ENGLAND
Haroon Rasheed,PAKISTAN
A McGrath,ENGLAND
DES Maxwell,CANADA
TL Chatara,ZIMBABWE
Khurram Chohan,CANADA
JF Kloppenburg,NL
MJ Lumb,ENGLAND
JA McCollum,IRELAND
GAHM Parkar,INDIA
D Bishoo,WEST INDIES
RB Kanhai,WEST INDIES
RR Powar,INDIA
JC Tredwell,ENGLAND
Faheem Ashraf,PAKISTAN
MV Nagamootoo,WEST INDIES
JTC Vaughan,NEW ZEALAND
T Bavuma,SOUTH AFRICA
CD Cumming,NEW ZEALAND
SKL de Silva,SRI LANKA
SC Joseph,WEST INDIES
KMA Paul,WEST INDIES
E Schiferli,NL
HMCM Bandara,SRI LANKA
PE Cantrell,NL
MS Chapman,HKG/NEW ZEALAND
JL Langer,AUSTRALIA
K Weeraratne,SRI LANKA
Saleem Raza,UAE
AC Bedade,INDIA
DAJ Bracewell,NEW ZEALAND
JJ Martin,INDIA
Imran Tahir,SOUTH AFRICA
MP Maynard,ENGLAND
IJ Gould,ENGLAND
PM Seelaar,NL
TA Boult,NEW ZEALAND
GJ Cosier,AUSTRALIA
AM Ellis,NEW ZEALAND
Mohammad Hussain,PAKISTAN
CJ Richards,ENGLAND
RML Taylor,SCOTLAND
C Zhuwao,ZIMBABWE
CPS Chauhan,INDIA
AN Ranasinghe,SRI LANKA
DW Fleming,AUSTRALIA
MDK Perera,SRI LANKA
AJ Redmond,NEW ZEALAND
MW Alleyne,ENGLAND
J Anderson,IRELAND
RS Gavaskar,INDIA
BF Hastings,NEW ZEALAND
VD Philander,SOUTH AFRICA
RG Aga,KENYAYA
BB Chari,ZIMBABWE
NA Foster,ENGLAND
GD Barlow,ENGLAND
AR Khurasiya,INDIA
Khalid Latif,PAKISTAN
Nazimuddin,BANGLADESH
GM Strydom,ZIMBABWE
MRJ Watt,SCOTLAND
D Williams,WEST INDIES
JA Burns,AUSTRALIA
SE Findlay,WEST INDIES
Sompal Kami,NEPAL
MP O'Dowd,NL
AC Agar,AUSTRALIA
R Clarke,ENGLAND
DK Liyanage,SRI LANKA
LN Onyango,KENYAYA
G Malla,NEPAL
Abdur Rehman,PAKISTAN
CM Kuggeleijn,NEW ZEALAND
D Langford-Smith,IRELAND
MB Loye,ENGLAND
K Zondo,SOUTH AFRICA
DE Bernard,WEST INDIES
ARC Fraser,ENGLAND
OD Gibson,WEST INDIES
CR Matthews,SOUTH AFRICA
A Nehra,INDIA
Shahid Saeed,PAKISTAN
VJ Wells,ENGLAND
AF Buurman,NL
HMRKB Herath,SRI LANKA
Rubel Hossain,BANGLADESH
JM Wiener,AUSTRALIA
MV Fleming,ENGLAND
KH MacLeay,AUSTRALIA
EAR de Silva,SRI LANKA
GN Edwards,NEW ZEALAND
KA Hope,WEST INDIES
S Samarawickrama,SRI LANKA
RJ Bailey,ENGLAND
RM Hogg,AUSTRALIA
APB Tennekoon,SRI LANKA
ST Finn,ENGLAND
G Miller,ENGLAND
Mohammed Shami,INDIA
LG Rowe,WEST INDIES
KD Shah,HKG
R Vijay Bharadwaj,INDIA
SRD Wettimuny,SRI LANKA
D Pretorius,SOUTH AFRICA
PA Browne,WEST INDIES
TS Chisoro,ZIMBABWE
Krishna Chandran,UAE
Arshad Khan,PAKISTAN
MD Bell,NEW ZEALAND
RJ Sidebottom,ENGLAND
RK Chauhan,INDIA
D Keulder,NAM
Bazid Khan,PAKISTAN
MSK Prasad,INDIA
Sajid Ali,PAKISTAN
RW Taylor,ENGLAND
RJ Trott,BERMUDA
TJ Zoehrer,AUSTRALIA
KTGD Prasad,SRI LANKA
Shafiul Islam,BANGLADESH
BOP Fernando,SRI LANKA
FC Hayes,ENGLAND
Khawar Ali,OMAN
DT Hondo,ZIMBABWE
TE Jesty,ENGLAND
A Nel,SOUTH AFRICA
Yasir Shah,PAKISTAN
SJ Baard,NAM
Basil Hameed,UAE
Dhiman Ghosh,BANGLADESH
MG Erasmus,NAM
M Kartik,INDIA
TRO Payne,WEST INDIES
CP Senanayake,SRI LANKA
PA Jaques,AUSTRALIA
MC Sorensen,IRELAND
AJ Turner,AUSTRALIA
AIC Dodemaide,AUSTRALIA
ZE Green,NAM
A Maregwede,ZIMBABWE
JA Samarasekera,UAE
M van Jaarsveld,SOUTH AFRICA
LR Williams,WEST INDIES
Ziaur Rahman,BANGLADESH
CD de Lange,SCOTLAND
BM Duckett,ENGLAND
GA Paterson,ZIMBABWE
J Arun Lal,INDIA
RL Bhudia,KENYAYA
CRM Douglas,BERMUDA
BA Parchment,WEST INDIES
SK Gupta,KENYAYA
GJAF Aponso,NL
L Balaji,INDIA
Shahid Mahboob,PAKISTAN
EJ Chatfield,NEW ZEALAND
DBL Powell,WEST INDIES
JN Snape,ENGLAND
V Yadav,INDIA
MR Adair,IRELAND
DH Brain,ZIMBABWE
NB Mahwire,ZIMBABWE
FL Reifer,WEST INDIES
Arshad Ayub,INDIA
Azam Khan,PAKISTAN
PH Edmonds,ENGLAND
Hamza Tariq,CANADA
Tauseef Ahmed,PAKISTAN
PWH de Silva,SRI LANKA
GK Khoda,INDIA
GD McGrath,AUSTRALIA
MA Carberry,ENGLAND
C Carter,HKG
GR Dilley,ENGLAND
FM Engineer,INDIA
KD Ghavri,INDIA
MO Jones,BERMUDA
DL Maddy,ENGLAND
Naved Anjum,PAKISTAN
MJ Cosgrove,AUSTRALIA
JN Frylinck,NAM
K Gore,USOUTH AFRICA
Haseeb Amjad,HKG
DP Hyatt,WEST INDIES
CT Mutombodzi,ZIMBABWE
Hasan Jamil,PAKISTAN
RDM Leverock,BERMUDA
Shan Masood,PAKISTAN
RD Brown,ZIMBABWE
BJ McCarthy,IRELAND
MG Burmester,ZIMBABWE
CL Smith,ENGLAND
CG Williams,NAM
DS Airee,NEPAL
MJ McClenaghan,NEW ZEALAND
SS McKechnie,HKG
R Murray,ZIMBABWE
Hamid Hassan,AFGHANISTAN
SJ Rhodes,ENGLAND
G Cook,ENGLAND
CR Foggo,BERMUDA
KO Meth,ZIMBABWE
Faruk Ahmed,BANGLADESH
AS Joseph,WEST INDIES
RK Kleinveldt,SOUTH AFRICA
TJ Laughlin,AUSTRALIA
PM Toohey,AUSTRALIA
CD Collymore,WEST INDIES
D Elgar,SOUTH AFRICA
BP Nash,WEST INDIES
RP Singh,INDIA
K Birkenstock,NAM
MW Priest,NEW ZEALAND
G Toka,PNG
JW Wilson,NEW ZEALAND
Ehsan Khan,HKG
Waqas Barkat,HKG
D Wiese,SOUTH AFRICA
Arshad Laeeq,UAE
XJ Doherty,AUSTRALIA
ERNS Fernando,SRI LANKA
RO Hinds,WEST INDIES
WR James,ZIMBABWE
Kuldeep Yadav,INDIA
TA Lloyd,ENGLAND
Tabarak Dar,HKG
GB Troup,NEW ZEALAND
S Amarnath,INDIA
S Elworthy,SOUTH AFRICA
AC Evans,SCOTLAND
MG Hughes,AUSTRALIA
Shahzaib Hasan,PAKISTAN
NMK Smith,ENGLAND
A Zampa,AUSTRALIA
Akshay Homraj,USOUTH AFRICA
LV Garrick,WEST INDIES
AFGHANISTAN Griffith,WEST INDIES
Irfan Ahmed,HKG
BC Rose,ENGLAND
Saad Nasim,PAKISTAN
Sandeep Goud,OMAN
DCC Borden,BERMUDA
GJ Crocker,ZIMBABWE
EJ Gray,NEW ZEALAND
LR Johnson,WEST INDIES
I Maraj,CANADA
Mohammad Ishaq,UAE
GC Small,ENGLAND
Sohrawordi Shuvo,BANGLADESH
GM Ewing,ZIMBABWE
AL Kandappah,CANADA
RB Kerr,AUSTRALIA
Manzoor Akhtar,PAKISTAN
Azhar Hossain,BANGLADESH
MP Bicknell,ENGLAND
RE van der Merwe,NL/SOUTH AFRICA
Aamer Yamin,PAKISTAN
D Daesrath,CANADA
AA Donald,SOUTH AFRICA
Mohammad Tauqir,UAE
HK Olonga,ZIMBABWE
JS Patel,NEW ZEALAND
KL Tucker,BERMUDA
Aarif Sheikh,NEPAL
PC de Silva,SRI LANKA
VC Drakes,WEST INDIES
GFJ Liebenberg,SOUTH AFRICA
Mohammed Qasim,UAE
LJ Tucker,IRELAND
S Abid Ali,INDIA
Kabir Ali,ENGLAND
PVD Chameera,SRI LANKA
MR Gillespie,NEW ZEALAND
V Mehra,UAE
BC Strang,ZIMBABWE
SJ Harmison,ENGLAND
JV Harris,CANADA
SG Peall,ZIMBABWE
DP Samaraweera,SRI LANKA
RT Lyons,SCOTLAND
GB Murgatroyd,NAM
A Nao,PNG
A Ratra,INDIA
Aamer Hanif,PAKISTAN
FA Allen,WEST INDIES
Bilawal Bhatti,PAKISTAN
JJ van der Wath,SOUTH AFRICA
VB Chandrasekhar,INDIA
NK Patel,USOUTH AFRICA
Raees Ahmadzai,AFGHANISTAN
AJ Traicos,ZIMBABWE
Anil Dalpat,PAKISTAN
H Hiri,PNG
K Jethi,CANADA
Suraj Kumar,OMAN
RM Ellison,ENGLAND
BD Julien,WEST INDIES
EH Mattis,WEST INDIES
AD Mullally,ENGLAND
RK Paudel,NEPAL
WB Rankin,ENGLAND/IRELAND
R Vinay Kumar,INDIA
BV Vitori,ZIMBABWE
W Watson,NEW ZEALAND
PB Dassanayake,SRI LANKA
PJC Hoffmann,SCOTLAND
KAD Hurdle,BERMUDA
SI Mahmood,ENGLAND
KJ Barnett,ENGLAND
IG Butler,NEW ZEALAND
SF Dukanwala,UAE
VB John,SRI LANKA
GI Maiden,SCOTLAND
Saqib Ali,UAE
Younis Ahmed,PAKISTAN
OAC Banks,WEST INDIES
GH Bodi,SOUTH AFRICA
AG Davies,SCOTLAND
LHD Dilhara,SRI LANKA
DJM Short,AUSTRALIA
R Strydom,IRELAND
RGD Willis,ENGLAND
RR David,CANADA
C Hemraj,WEST INDIES
LJ Koen,SOUTH AFRICA
DB Kotze,NAM
Nasir Aziz,UAE
RD Robinson,AUSTRALIA
MC Henriques,AUSTRALIA
Mahbubul Alam,BANGLADESH
AM Phangiso,SOUTH AFRICA
GA Rogers,SCOTLAND
Shahid Wasif,HKG
JJ Smit,NAM
S Sriram,INDIA
Syed Rasel,BANGLADESH
JNT Vare,PNG
Jai P Yadav,INDIA
Aftab Alam,AFGHANISTAN
G Goudie,SCOTLAND
TR Gripper,ZIMBABWE
Hammad Azam,PAKISTAN
PWE Rawson,ZIMBABWE
SK Sharma,INDIA
TD Astle,NEW ZEALAND
S Badrinath,INDIA
Shahadat Hossain,BANGLADESH
MHN Walker,AUSTRALIA
UT Yadav,INDIA
AC Dale,AUSTRALIA
MF Kent,AUSTRALIA
Mustafizur Rahman,BANGLADESH
MW Rushmere,SOUTH AFRICA
Sami Aslam,PAKISTAN
MH Tissera,SRI LANKA
NM Lyon,AUSTRALIA
KJ Abbott,SOUTH AFRICA
TL Best,WEST INDIES
SS Cottrell,WEST INDIES
IG Holland,USOUTH AFRICA
CA Lynn,AUSTRALIA
AP Sheahan,AUSTRALIA
KDK Vithanage,SRI LANKA
NG Jones,IRELAND
MS Kasprowicz,AUSTRALIA
PWA Mulder,SOUTH AFRICA
MM Patel,INDIA
Yasir Arafat,PAKISTAN
FH Edwards,WEST INDIES
CK Langeveldt,SOUTH AFRICA
EB McSweeney,NEW ZEALAND
GR Sealy,CANADA
CS Serjeant,AUSTRALIA
R Telemachus,SOUTH AFRICA
AL Wadekar,INDIA
DS Weerakkody,SRI LANKA
G Blakeney,BERMUDA
TG Hogan,AUSTRALIA
BA Murphy,ZIMBABWE
OL Pitcher,BERMUDA
I Sharma,INDIA
S Viswanath,INDIA
CJ Adams,ENGLAND
DI Allan,KENYAYA
SOUTH AFRICA Edwards,NL
EH Hutchinson,USOUTH AFRICA
MJG Rippon,NL
JDF Vandersay,SRI LANKA
KED Carroll,IRELAND
SR Gillespie,NEW ZEALAND
Shuvagata Hom,BANGLADESH
RD Steede,BERMUDA
Ashraf Ali,PAKISTAN
SR Clark,AUSTRALIA
AC Dawson,SOUTH AFRICA
Y Goonasekera,SRI LANKA
SP Khakurel,NEPAL
Mujeeb Ur Rahman,AFGHANISTAN
TP Visee,NL
FS Crockwell,BERMUDA
TGJ Gruijters,NL
OJ Hairs,SCOTLAND
Iftikhar Ahmed,PAKISTAN
RK Illingworth,ENGLAND
Jatinder Singh,OMAN
Junaid Khan,PAKISTAN
SO Ngoche,KENYAYA
Nurul Hasan,BANGLADESH
JA Richardson,AUSTRALIA
M Sheikh,KENYAYA
SJ Cook,SOUTH AFRICA
SG Davies,ZIMBABWE
Junaid Siddiqui,CANADA
N Madziva,ZIMBABWE
HJC Mol,NL
Nadeem Ahmed,HKG
V Pollard,NEW ZEALAND
Shapoor Zadran,AFGHANISTAN
IS Sodhi,NEW ZEALAND
Waqas Khan,HKG
PR Adams,SOUTH AFRICA
Akhtar Sarfraz,PAKISTAN
RJ Bright,AUSTRALIA
Sharafuddin Ashraf,AFGHANISTAN
OO Bascome,BERMUDA
KCG Benjamin,WEST INDIES
RD King,WEST INDIES
RG Petrie,NEW ZEALAND
Saeed Azad,PAKISTAN
VA Holder,WEST INDIES
H Osinde,CANADA
KF Semple,WEST INDIES
RO Hussain,SCOTLAND
PD McGlashan,NEW ZEALAND
MQ Sheikh,SCOTLAND
Taijul Islam,BANGLADESH
Adnan Akmal,PAKISTAN
SD Anurasiri,SRI LANKA
DE Budge,SCOTLAND
PG Coman,NEW ZEALAND
CE Cuffy,WEST INDIES
LH Ferguson,NEW ZEALAND
SN Netravalkar,USOUTH AFRICA
JB Reva,PNG
Shaheedur Rahman,BANGLADESH
Azhar Saeed,UAE
Dolar Mahmud,BANGLADESH
BT Foakes,ENGLAND
MN Hart,NEW ZEALAND
JD Love,ENGLAND
EO Odumbe,KENYAYA
DR Parry,WEST INDIES
Shakeel Ahmed jnr,PAKISTAN
L Sreekumar,UAE
ELR Stewart,SOUTH AFRICA
DS Wesonga,KENYAYA
RM West,IRELAND
GE Bradburn,NEW ZEALAND
JJ Celestine,BERMUDA
ST Clarke,WEST INDIES
Humayun Farhat,PAKISTAN
JA Jameson,ENGLAND
NC McGarrell,WEST INDIES
Abdul Jabbar,CANADA
WD Balaji Rao,CANADA
Gazi Ashraf,BANGLADESH
MBS Jonkman,NL
MA Parker,SCOTLAND
RO Butcher,ENGLAND
Imran Haider,UAE
TMK Mawoyo,ZIMBABWE
D Murphy,SCOTLAND
Saqlain Haider,UAE
M van Schoor,NAM
BM Wheeler,NEW ZEALAND
B Yardley,AUSTRALIA
KD Boyce,WEST INDIES
Ehsanul Haque,BANGLADESH
Frasat Ali,EAf
G Salmond,SCOTLAND
AJ Tye,AUSTRALIA
V Aravind,UAE
RS Haire,IRELAND
JK Lever,ENGLAND
NM Odhiambo,KENYAYA
Sohail Fazal,PAKISTAN
LL Tsotsobe,SOUTH AFRICA
MA Wood,ENGLAND
MW Douglas,NEW ZEALAND
FY Fazal,INDIA
TV Mufambisi,ZIMBABWE
SJ Palframan,SOUTH AFRICA
TK Patel,USOUTH AFRICA
EC Rainsford,ZIMBABWE
SK Ranasinghe,SRI LANKA
Abdul Shakoor,UAE
Arshad Ali,UAE
RJ Campbell,AUSTRALIA
RD Jackman,ENGLAND
RWT Key,ENGLAND
J Kila,PNG
BJ McKechnie,NEW ZEALAND
Mohammad Iqbal,CANADA
JV Paranjpe,INDIA
RG Samuels,WEST INDIES
RK Sethi,EAf
S Venkataraghavan,INDIA
BCJ Cutting,AUSTRALIA
Ghulam Ali,PAKISTAN
Mafizur Rahman,BANGLADESH
Manjural Islam,BANGLADESH
WP Masakadza,ZIMBABWE
Mohammad Sharif,BANGLADESH
RAP Nissanka,SRI LANKA
DL Underwood,ENGLAND
CAK Walton,WEST INDIES
AJ Woodcock,AUSTRALIA
JE Brinkley,SCOTLAND
TK Canning,NEW ZEALAND
JS Malhotra,USOUTH AFRICA
B Mavuta,ZIMBABWE
AK Perera,SRI LANKA
N Pokana,PNG
Zahoor Khan,UAE
CS Cowdrey,ENGLAND
D Dasgupta,INDIA
AH Gray,WEST INDIES
A Mithun,INDIA
CA Pujara,INDIA
KW Richardson,AUSTRALIA
BS Sandhu,INDIA
DE Bollinger,AUSTRALIA
NE Clarke,NL
JG Heron,ZIMBABWE
PA Horne,NEW ZEALAND
J Lewis,ENGLAND
D Ravu,PNG
IM Stanger,SCOTLAND
CT Tremlett,ENGLAND
Zeeshan Siddiqi,CANADA
ST Banerjee,INDIA
DB Close,ENGLAND
WW Daniel,WEST INDIES
DJ Gandhi,INDIA
CK Hooper,CANADA
Maninder Singh,INDIA
E Otieno,KENYAYA
D Ranatunga,SRI LANKA
BA Reid,AUSTRALIA
GK Robertson,NEW ZEALAND
MMC Schewe,NL
SS Tiwary,INDIA
KEA Upashantha,SRI LANKA
Arafat Sunny,BANGLADESH
GG Arnold,ENGLAND
JH Hampshire,ENGLAND
RJ Harris,AUSTRALIA
Mohammad Irfan,PAKISTAN
CB Mpofu,ZIMBABWE
MW Pringle,SOUTH AFRICA
PC Strydom,SOUTH AFRICA
MG Vandort,SRI LANKA
JJ Whitaker,ENGLAND
Zafar Iqbal,PAKISTAN
Zulqarnain Haider,PAKISTAN
A Codrington,CANADA
FA Dennis,CANADA
Fayyaz Ahmed,UAE
ER Fernando,SRI LANKA
L Ngidi,SOUTH AFRICA
Sarandeep Singh,INDIA
BGK Walker,NEW ZEALAND
Jawahir Shah,EAf
KK Nair,INDIA
J Nyumbu,ZIMBABWE
PP Ojha,INDIA
IR Redpath,AUSTRALIA
Skhawat Ali,HKG
TB Sole,SCOTLAND
Azeem Hafeez,PAKISTAN
M Karg,NAM
DA Murray,WEST INDIES
GR Robertson,AUSTRALIA
S Thuraisingam,CANADA
PJ Wiseman,NEW ZEALAND
VR Brown,NEW ZEALAND
NA de Groot,CANADA
Golam Faruq,BANGLADESH
AV Mankad,INDIA
RD McCann,IRELAND
BP Patterson,WEST INDIES
RH Poonawala,UAE
S Sreesanth,INDIA
JH Stander,SCOTLAND
HR Bryan,WEST INDIES
Faisal Hossain,BANGLADESH
KHRK Fernando,SRI LANKA
AR Kapoor,INDIA
A Mishra,INDIA
Salman Faris,UAE
WN Slack,ENGLAND
GB Stevenson,ENGLAND
SJ Swanepoel,NAM
Anwar Hossain,BANGLADESH
Azmat Rana,PAKISTAN
MJ Fourie,IRELAND
GJ Gilmour,AUSTRALIA
JN Maguire,AUSTRALIA
JL Pattinson,AUSTRALIA
MH Richardson,NEW ZEALAND
Shaheen Shah Afridi,PAKISTAN
JS Foster,ENGLAND
SP Heaney,CANADA
PA Hitchcock,NEW ZEALAND
Mehmood Quaraishy,EAf
WP Saha,INDIA
Shafiq Ahmed,PAKISTAN
Taskin Ahmed,BANGLADESH
SR Welsh,CANADA
Bilal Asif,PAKISTAN
PC Connell,IRELAND
DR Hadlee,NEW ZEALAND
Khaliq Dad,AFGHANISTAN
S Lamichhane,NEPAL
PS Masvaure,ZIMBABWE
Mohammad Nadeem,OMAN
ML Patel,KENYAYA
SJ Rixon,AUSTRALIA
DJ ter Braak,NL
MR Whitney,AUSTRALIA
GA Briant,ZIMBABWE
YS Chahal,INDIA
SS Das,INDIA
KSC de Silva,SRI LANKA
DR Gilbert,AUSTRALIA
Iqbal Qasim,PAKISTAN
BA King,WEST INDIES
N Kruger,NL
GD Lloyd,ENGLAND
TBA May,AUSTRALIA
LS Pascoe,AUSTRALIA
Ramveer Rai,UAE
RH Scholte,NL
A Shahzad,ENGLAND
SN Thakur,INDIA
Zulfiqar Ali,EAf
JT Ball,ENGLAND
CJD Chappell,CANADA
PP Chawla,INDIA
CKB Kulasekara,SRI LANKA
PJ Martin,ENGLAND
Mohammad Aslam,UAE
N M'shangwe,ZIMBABWE
SS Naik,INDIA
Najeeb Amar,HKG
GH O'Brien,BERMUDA
CAH Stevenson,USOUTH AFRICA
S Walusimbi,EAf
PN Webb,NEW ZEALAND
Zeeshan Maqsood,OMAN
JR Hazlewood,AUSTRALIA
MP Jarvis,ZIMBABWE
TS Kamunhukamwe,ZIMBABWE
TS Roland-Jones,ENGLAND
Saiful Islam,BANGLADESH
Shahid Anwar,PAKISTAN
DJ White,NEW ZEALAND
Ankur Vasishta,HKG
M Bhanuka,SRI LANKA
PW Gunaratne,SRI LANKA
MF Malone,AUSTRALIA
G Mylvaganam,UAE
AR Pitcher,BERMUDA
KR Pushpakumara,SRI LANKA
Saleem Jaffar,PAKISTAN
RB Simpson,AUSTRALIA
LO Tikolo,KENYAYA
JO Troughton,ENGLAND
B Bhandari,NEPAL
PKD Chase,IRELAND
H Durham,BERMUDA
G Dymock,AUSTRALIA
Joginder Sharma,INDIA
C McAuslan,HKG
Nazmul Hossain,BANGLADESH
JO Ngoche,KENYAYA
KT Sandher,CANADA
AR Tait,NEW ZEALAND
SD Udal,ENGLAND
MWA van Nierop,NL
SM Warnapura,SRI LANKA
Zulfiqar Babar,PAKISTAN
RP Alexander,USOUTH AFRICA
SOUTH AFRICA Ankola,INDIA
Ata-ur-Rehman,PAKISTAN
Atiq-uz-Zaman,PAKISTAN
ID Austin,ENGLAND
RO Collinge,NEW ZEALAND
RMS Eranga,SRI LANKA
BN French,ENGLAND
AS Luseno,KENYAYA
M Mbangwa,ZIMBABWE
Mohammad Asif,PAKISTAN
CG Rackemann,AUSTRALIA
TT Smart,HKG
Fayyaz Butt,OMAN
T Gibbons,BERMUDA
LWS Kaluperuma,SRI LANKA
RR Kulkarni,INDIA
RJ McCurdy,AUSTRALIA
GE Peckover,ZIMBABWE
PARP Perera,SRI LANKA
TL Seifert,NEW ZEALAND
AS Wassan,INDIA
TM Alderman,AUSTRALIA
RE Bryson,SOUTH AFRICA
BFW de Leede,NL
BP Kruger,NL
SRI LANKAV Raju,INDIA
JD Siddons,AUSTRALIA
SP Terry,IRELAND
Amir Hayat,UAE
BS Bedi,INDIA
HM Goonatilleke,SRI LANKA
PW Jarvis,ENGLAND
C Jonker,SOUTH AFRICA
GC Martin,ZIMBABWE
MN Nawaz,SRI LANKA
JD Nel,SCOTLAND
PADLR Sandakan,SRI LANKA
MM Sharma,INDIA
PM Siddle,AUSTRALIA
Sikander Bakht,PAKISTAN
RW Sims,ZIMBABWE
HR Walsh,USOUTH AFRICA/WEST INDIES
RD Woolley,AUSTRALIA
M Yachad,SOUTH AFRICA
BE Young,AUSTRALIA
GJ Batty,ENGLAND
SRI LANKA Boock,NEW ZEALAND
M Cheruparambil,HKG
PT Collins,WEST INDIES
BL D'Oliveira,ENGLAND
Ehsan Nawaz,HKG
MVT Fernando,SRI LANKA
EE Hemmings,ENGLAND
AJ Ireland,ZIMBABWE
FJ Klaassen,NL
IT Shillingford,WEST INDIES
PA van Meekeren,NL
JCB Vaughan,CANADA
JS Ababu,KENYAYA
N Pradeep,SRI LANKA
TCB Fernando,SRI LANKA
BW Hilfenhaus,AUSTRALIA
Imran Abbas,PAKISTAN
DI Joyce,IRELAND
ARM Opatha,SRI LANKA
KJ Wright,AUSTRALIA
Adeel Raja,NL
WW Davis,WEST INDIES
JD Hall,IRELAND
Kamran Hussain,PAKISTAN
Mohammad Hasnain,PAKISTAN
DS Mohanty,INDIA
Taslim Arif,PAKISTAN
Ehsan Adil,PAKISTAN
TJ Franklin,NEW ZEALAND
TG Gordon,CANADA
TJ Heggelman,NL
HAPW Jayawardene,SRI LANKA
TP Kamungozi,ZIMBABWE
BL Kotze,NAM
DS Kulkarni,INDIA
WM Lawry,AUSTRALIA
Mohsin Kamal,PAKISTAN
Mujahid Jamshed,PAKISTAN
RJ Robinson,BERMUDA
Rumman Raees,PAKISTAN
ED Solkar,INDIA
BA Williams,AUSTRALIA
Zakir Khan,PAKISTAN
Aizaz Cheema,PAKISTAN
BJ Diamanti,NEW ZEALAND
BG Hadlee,NEW ZEALAND
RC Haynes,WEST INDIES
Khurram Nawaz,OMAN
A Kuruvilla,INDIA
Mosharraf Hossain,BANGLADESH
MS Panesar,ENGLAND
Pervez Mir,PAKISTAN
CEB Rice,SOUTH AFRICA
TG Shaw,SOUTH AFRICA
SRI LANKA Stewart,NEW ZEALAND
Tareq Aziz,BANGLADESH
BO van Rooi,NAM
RJ van Vuuren,NAM
Wasim Haider,PAKISTAN
Zain Abbas,HKG
Sultan Zarawani,UAE
RJ Blakey,ENGLAND
DK Butler,WEST INDIES
JJ Dawood,CANADA
MLC Foster,WEST INDIES
S Jeganathan,SRI LANKA
KA Maharaj,SOUTH AFRICA
GMC Mol,NL
Nasir Ahmed,BANGLADESH
A Patel,CANADA
AK Sah,NEPAL
Saleem Altaf,PAKISTAN
Sayed Shirzad,AFGHANISTAN
Shahid Nazir,PAKISTAN
Sohail Khan,PAKISTAN
SW Tait,AUSTRALIA
SK Atai,PNG
MR Benson,ENGLAND
AN French,HKG
ST Gabriel,WEST INDIES
SF Graf,AUSTRALIA
JPR Lamsam,HKG
SW Lubbers,NL
DJ Malan,ENGLAND
MJ Mason,NEW ZEALAND
Naeem Ashraf,PAKISTAN
SB O'Connor,NEW ZEALAND
SP Pasqual,SRI LANKA
N Pothas,SOUTH AFRICA
Rafiqul Alam,BANGLADESH
Sheikh Salahuddin,BANGLADESH
ML Su'a,NEW ZEALAND
Amir Hamza,AFGHANISTAN
JO Angara,KENYAYA
HAG Anthony,WEST INDIES
Asim Butt,SCOTLAND
SV Bahutule,INDIA
J Figy John,UAE
SC Getkate,IRELAND
AE Greenidge,WEST INDIES
Hasti Gul,AFGHANISTAN
E Katchay,CANADA
J Louw,SOUTH AFRICA
SJ Massiah,USOUTH AFRICA
AJ Penn,NEW ZEALAND
V Razdan,INDIA
CP Tremain,AUSTRALIA
Waheed Ahmed,UAE
Afzaal Haider,HKG
UNK Fernando,SRI LANKA
DW Headley,ENGLAND
Kamran Shazad,UAE
Mohammad Salman,PAKISTAN
Shafiuddin Ahmed,BANGLADESH
BR Taylor,NEW ZEALAND
CM Wells,ENGLAND
Ali Asad,UAE
B Arun,INDIA
AB Dinda,INDIA
Karan KC,NEPAL
S Keshvani,CANADA
MAWR Madurasinghe,SRI LANKA
J Patraj,CANADA
K Pierre,WEST INDIES
DA Stirling,NEW ZEALAND
I Wardlaw,SCOTLAND
RA Woolmer,ENGLAND
SP Davis,AUSTRALIA
O Henry,SOUTH AFRICA
AP Igglesden,ENGLAND
MR Johnson,USOUTH AFRICA
MMA Jonkman,NL
BM Mauricette,CANADA
DT Mutendera,ZIMBABWE
Najmul Hossain Shanto,BANGLADESH
IL Philip,SCOTLAND
ADJ Pitcher,BERMUDA
Rizwan-uz-Zaman,PAKISTAN
AF Sattaur,CANADA
PH Sharma,INDIA
S Shivnarine,WEST INDIES
Umair Ali,UAE
KIW Wijegunawardene,SRI LANKA
CA Young,IRELAND
JP Behrendorff,AUSTRALIA
JJ Bumrah,INDIA
JW Dernbach,ENGLAND
EL Gouka,NL
RGA Headley,WEST INDIES
S Jora,NEPAL
T Kumaran,INDIA
MA Meman,ZIMBABWE
V Permaul,WEST INDIES
HSM Pieris,SRI LANKA
Sami Faridi,CANADA
MJ Smith,SCOTLAND
Sunzamul Islam,BANGLADESH
C Viljoen,NAM
AG Wharf,ENGLAND
KOK Williams,WEST INDIES
SG Borthwick,ENGLAND
DL Chahar,INDIA
CEH Croft,WEST INDIES
HJ Howarth,NEW ZEALAND
Jamaluddin Ahmed,BANGLADESH
F Kasteni,ZIMBABWE
AV Lalcheta,OMAN
JJC Lawson,WEST INDIES
Munir Dar,HKG
Saleem Pervez,PAKISTAN
LR Shukla,INDIA
Sultan Ahmed,UAE
Syed Maqsood,UAE
Tanvir Ahmed,PAKISTAN
K Whatham,CANADA
RGCE Wijesuriya,SRI LANKA
Zulqarnain,PAKISTAN
GI Allott,NEW ZEALAND
SM Curran,ENGLAND
IS Gallage,SRI LANKA
RD Gudhka,KENYAYA
MJ Hoggard,ENGLAND
Ilyas Gull,HKG
Intikhab Alam,PAKISTAN
IT Iqbal,KENYAYA
RSOUTH AFRICA Jayasekera,SRI LANKA
KCB Jeremy,WEST INDIES
RJ Kennedy,NEW ZEALAND
CBRLS Kumara,SRI LANKA
P Lever,ENGLAND
PHKD Mendis,SRI LANKA
CEW Silverwood,ENGLAND
S Abrahams,SOUTH AFRICA
RW Anderson,NEW ZEALAND
JH Desai,USOUTH AFRICA
AM Guruge,UAE
N Ifill,CANADA
Jahangir Shah,BANGLADESH
RL Johnson,ENGLAND
SB Lama,HKG
BP Loots,NL
RAL Massie,AUSTRALIA
B Muzarabani,ZIMBABWE
KJ O'Keeffe,AUSTRALIA
FN Otieno,KENYAYA
ADG Roberts,NEW ZEALAND
V Shetty,UAE
Shubman Gill,INDIA
CB Sole,SCOTLAND
S Somasunder,INDIA
J Theron,SOUTH AFRICA/USOUTH AFRICA
BTJ Wheal,SCOTLAND
PJW Allott,ENGLAND
KN Amalean,SRI LANKA
RR Beaton,WEST INDIES
HF Gurney,ENGLAND
JR Hammond,AUSTRALIA
RS Higgins,ZIMBABWE
DAW Hollis,BERMUDA
Irfan Fazil,PAKISTAN
GE Kidd,IRELAND
BW Luckhurst,ENGLAND
Mansoor Rana,PAKISTAN
Mohammad Zahid,PAKISTAN
J Mulder,IRELAND
EMDY Munaweera,SRI LANKA
Nurul Abedin,BANGLADESH
HD Rutherford,NEW ZEALAND
Sajjad Ahmed,BANGLADESH
DM Smith,ENGLAND
LW Stokkers,NL
Tariq Javed,CANADA
PCR Tufnell,ENGLAND
PS Vaidya,INDIA
A van der Merwe,IRELAND
AP Wells,ENGLAND
Zafar Gohar,PAKISTAN
Ahsan Malik,NL
Asghar Ali,UAE
Asif Mahmood,PAKISTAN
IPP Batuwitarachchi,UAE
AR Butcher,ENGLAND
G Chapple,ENGLAND
LA Dawson,ENGLAND
HS Dhillon,CANADA
EA Essop-Adam,ZIMBABWE
SKW Kelly,BERMUDA
LD Madushanka,SRI LANKA
AA Mallett,AUSTRALIA
Mohammad Akram,PAKISTAN
Nadeem Ghauri,PAKISTAN
R Ngarava,ZIMBABWE
IA Nicolson,ZIMBABWE
D Soraine,CANADA
GE Vivian,NEW ZEALAND
LJ Woodcock,NEW ZEALAND
Zahid Razzak,BANGLADESH
Aamer Nazir,PAKISTAN
Aamir Kaleem,OMAN
JC Archer,ENGLAND
Asad Ali,PAKISTAN
LS Baker,WEST INDIES
MD Bates,NEW ZEALAND
GA Bishop,AUSTRALIA
GK Bose,INDIA
NG Cowans,ENGLAND
HT Davis,NEW ZEALAND
RR Emrit,WEST INDIES
Gurkeerat Singh,INDIA
RL Hayes,NEW ZEALAND
RO Hurley,WEST INDIES
D Joseph,CANADA
JJ Krejza,AUSTRALIA
AMN Munasinghe,SRI LANKA
B Regmi,NEPAL
S Seeraj,CANADA
O Thomas,WEST INDIES
Usman Salahuddin,PAKISTAN
HN Ya France,NAM
Zaheer Maqsood,UAE
Asim Saeed,UAE
DM Basden,BERMUDA
GK Bruk-Jackson,ZIMBABWE
Danish Kaneria,PAKISTAN
IC Davis,AUSTRALIA
RP de Groen,NEW ZEALAND
AM de Silva,SRI LANKA
R Dhawan,INDIA
Enamul Haque jnr,BANGLADESH
M Hayward,SOUTH AFRICA
Imtiaz Abbasi,UAE
Javed Qadeer,PAKISTAN
TJ Jenner,AUSTRALIA
AJ McKay,NEW ZEALAND
PS Mehta,EAf
PJK Mooney,IRELAND
T Muzarabani,ZIMBABWE
Naeemuddin Aslam,UAE
TS Nethula,NEW ZEALAND
Noor-ul-Haq,AFGHANISTAN
EJ Richardson,IRELAND
P Sarraf,NEPAL
S Snater,NL
Abul Hasan,BANGLADESH
Ahmed Kamal,BANGLADESH
MJD Allingham,SCOTLAND
Arshad Pervez,PAKISTAN
J Blackwood,WEST INDIES
LJ Burger,NAM
SF Burger,NAM
PH Carlson,AUSTRALIA
BS Chandrasekhar,INDIA
PA Emery,AUSTRALIA
Haafiz Shahid,PAKISTAN
GW Humpage,ENGLAND
Jasdeep Singh,USOUTH AFRICA
NGRP Jayasuriya,SRI LANKA
SMS Kaluperuma,SRI LANKA
SC Kuggeleijn,NEW ZEALAND
NM Kulkarni,INDIA
JA Maclean,AUSTRALIA
PM Pushpakumara,SRI LANKA
B Reddy,INDIA
Saad Ali,PAKISTAN
G Sharma,INDIA
FJ Titmus,ENGLAND
GD Watson,AUSTRALIA
JG Williamson,SCOTLAND
Zahid Shah,UAE
TR Ambrose,ENGLAND
MA Aponso,SRI LANKA
Asif Masood,PAKISTAN
HK Bennett,NEW ZEALAND
D Brown,WEST INDIES
ML Cummins,WEST INDIES
DLS de Silva,SRI LANKA
JJ Esmeijer,NL
B Geeves,AUSTRALIA
W Jaffer,INDIA
Kabir Khan,PAKISTAN
AV Kale,INDIA
NJ MacRae,SCOTLAND
CA Marshall,CANADA
A Martin,WEST INDIES
BMW Patterson,SCOTLAND
Shabbir Ahmed,PAKISTAN
Shariful Haque,BANGLADESH
RAJ Smith,SCOTLAND
TE Srinivasan,INDIA
MP Stead,CANADA
GC Tonge,WEST INDIES
MDJ Walker,NEW ZEALAND
WA Wisneski,NEW ZEALAND
AK Zesers,AUSTRALIA
KK Ahmed,INDIA
MJ Bennett,AUSTRALIA
SM Boland,AUSTRALIA
CE Bulfin,NEW ZEALAND
SJ Cameron,SCOTLAND
SJ Chalmers,SCOTLAND
NA David,INDIA
GN de Silva,SRI LANKA
GRA de Silva,SRI LANKA
DR Doshi,INDIA
CJ Drum,NEW ZEALAND
S Dube,INDIA
Fahad Usman,UAE
Faisal Athar,PAKISTAN
SP Gauchan,NEPAL
MJ Haslam,NEW ZEALAND
AG Huckle,ZIMBABWE
HR Johnson,USOUTH AFRICA
Karim Janat,AFGHANISTAN
JB Little,IRELAND
DE Malcolm,ENGLAND
Mohammad Salim,BANGLADESH
PG Nana,EAf
Naveen-ul-Haq,AFGHANISTAN
Qadeer Ahmed,UAE
LS Rajput,INDIA
Rashid Zia,USOUTH AFRICA
JA Snow,ENGLAND
OP Stone,ENGLAND
GP Sulzberger,NEW ZEALAND
AJ Tudor,ENGLAND
VB van Jaarsveld,SOUTH AFRICA
Zahid Hussain,CANADA
VR Aaron,INDIA
RA Austin,WEST INDIES
BS Browne,WEST INDIES
CJ Dala,SOUTH AFRICA
H Davids,SOUTH AFRICA
PA Desai,CANADA
R Dhanraj,WEST INDIES
P Dharmani,INDIA
TL Fernando,SRI LANKA
JC Gamage,SRI LANKA
Gholam Nousher,BANGLADESH
Hafizur Rahman,BANGLADESH
ND Hirwani,INDIA
KH Butt,HKG
ACI Lock,ZIMBABWE
MA Lynch,ENGLAND
CS Martin,NEW ZEALAND
EZ Matambanadzo,ZIMBABWE
MG Neser,AUSTRALIA
A Nortje,SOUTH AFRICA
PDRL Perera,SRI LANKA
Rahat Ali,PAKISTAN
SS Raul,INDIA
CA Reid,USOUTH AFRICA
RL Sanghvi,INDIA
VRV Singh,INDIA
Sohail Butt,UAE
DS Steele,ENGLAND
DM Vonhagt,SRI LANKA
HS Williams,SOUTH AFRICA
NP Kenjige,USOUTH AFRICA
RW Ali,KENYAYA
J Cameron-Dow,IRELAND
KG Duers,ZIMBABWE
Fazl-e-Akbar,PAKISTAN
WCA Ganegama,SRI LANKA
DM Gondaria,KENYAYA
JOA Gordon,CANADA
VR Hogg,ZIMBABWE
AG Hurst,AUSTRALIA
Izatullah Dawlatzai,AFGHANISTAN
SD Jack,SOUTH AFRICA
Jahangir Alam Talukdar,BANGLADESH
MKGCP Lakshitha,SRI LANKA
Liaqat Ali,PAKISTAN
DSK Madushanka,SRI LANKA
GA Manou,AUSTRALIA
PL Mhambrey,INDIA
EA Moseley,WEST INDIES
JK Moss,AUSTRALIA
Nazmul Islam,BANGLADESH
M Pushpakumara,SRI LANKA
RA Reifer,WEST INDIES
IDK Salisbury,ENGLAND
BM Scholtz,NAM
K Shuttleworth,ENGLAND
EHSN Silva,UAE
NA Statham,NL
RJW Topley,ENGLAND
RF van Oosterom,NL
SG Whittingham,SCOTLAND
T Yohannan,INDIA
MKDI Amerasinghe,SRI LANKA
Bhupinder Singh snr,INDIA
IW Callen,AUSTRALIA
GD Campbell,AUSTRALIA
U Chatterjee,INDIA
MT Chinouya,ZIMBABWE
DDP D'Silva,UAE
WP Diepeveen,NL
SO Dowrich,WEST INDIES
CE Eksteen,SOUTH AFRICA
Fahim Muntasir,BANGLADESH
AP Grayson,ENGLAND
Harilal Shah,EAf
Harvinder Singh,INDIA
M Hendrick,ENGLAND
CC Henry,CANADA
P Krishnamurthy,INDIA
MJ North,AUSTRALIA
LN Oluoch,KENYAYA
AK Patel,INDIA
DB Rundle,SOUTH AFRICA
R Shepherd,WEST INDIES
Usman Shinwari,PAKISTAN
RJ Webb,NEW ZEALAND
DJ Worrall,AUSTRALIA
Aijaz Ali,USOUTH AFRICA
RT Crandon,WEST INDIES
N Fernandes,UAE
R Illingworth,ENGLAND
Jalal-ud-Din,PAKISTAN
Jubair Hossain,BANGLADESH
Khalid Khan,HKG
H McLeod,EAf
Mansoor Amjad,PAKISTAN
Maqsood Rana,PAKISTAN
Najeeb Tarakai,AFGHANISTAN
Naumanullah,PAKISTAN
Neeyamur Rashid,BANGLADESH
DJ Pringle,EAf
LN Rajbanshi,NEPAL
D Ramnarine,WEST INDIES
Sajjad Akbar,PAKISTAN
L Sivaramakrishnan,INDIA
G Snyman,NAM
Talha Jubair,BANGLADESH
Tanbir Hayder,BANGLADESH
DJ Terbrugge,SOUTH AFRICA
RK Whelan,IRELAND
Al-Amin Hossain,BANGLADESH
LS Bhandari,NEPAL
MI Black,WEST INDIES
PS Eaglestone,IRELAND
Fawad Ahmed,AUSTRALIA
PJ Franks,ENGLAND
PLS Gamage,SRI LANKA
D Ganesh,INDIA
WT Gavera,PNG
Z Groenewald,NAM
Gursharan Singh,INDIA
SD Heazlett,AUSTRALIA
Jahangir Alam,BANGLADESH
ML Lewis,AUSTRALIA
CH Lonsdale,BERMUDA
Mohammad Nazir,PAKISTAN
GK Pandey,INDIA
PI Pocock,ENGLAND
LN Roche,ZIMBABWE
AM Salvi,INDIA
Samiur Rahman,BANGLADESH
BB Seebaran,CANADA
Shahzad Khan,CANADA
B Stanlake,AUSTRALIA
RW Staple,USOUTH AFRICA
PJR Steyn,SOUTH AFRICA
R Sudhakar Rao,INDIA
S Sumar,EAf
Tanveer Ahmed,HKG
VAB Tewarie,NL
GS Trimble,AUSTRALIA
T van der Gugten,NL
S Vesawkar,NEPAL
SRI LANKA Watkin,ENGLAND
UWMBCA Welegedara,SRI LANKA
RPAH Wickramaratne,SRI LANKA
P Wilson,AUSTRALIA
M Zondeki,SOUTH AFRICA
SOUTH AFRICA Abbott,AUSTRALIA
Abdullah Mazari,AFGHANISTAN
Ali Khan,USOUTH AFRICA
CR Amini,PNG
RA Bhatti,CANADA
JWHD Boteju,SRI LANKA
NR Dyer,SCOTLAND
D Gamage,SRI LANKA
LJ Hamilton,NEW ZEALAND
RT Hart,NEW ZEALAND
PD Heyn,SRI LANKA
Ijaz Ahmed jnr,PAKISTAN
Junaid Siddique,UAE
CK Kruger,HKG
Mahbubur Rahman,BANGLADESH
Mazharul Haque,BANGLADESH
MC Mendis,SRI LANKA
CT Mumba,ZIMBABWE
DJ Murray,NEW ZEALAND
SV Nayak,INDIA
IE O'Brien,NEW ZEALAND
Pankaj Singh,INDIA
JM Patel,CANADA
MJ Petrie,SCOTLAND
GD Porter,AUSTRALIA
U Ranchod,ZIMBABWE
RE Redmond,NEW ZEALAND
Sagar Pun,NEPAL
A Shamshudeen,CANADA
CEL Stuart,WEST INDIES
Usman Mushtaq,UAE
JN Valentine,CANADA
CJPG van Zyl,SOUTH AFRICA
Yamin Ahmadzai,AFGHANISTAN
Zahid Ahmed,PAKISTAN
MZ Zahir,CANADA
Zakiullah Zaki,AFGHANISTAN
JP Agnew,ENGLAND
Ahmed Shah,AFGHANISTAN
Anisur Rahman,BANGLADESH
HWR Cartwright,AUSTRALIA
DJ Cullen,AUSTRALIA
BR Dorey,AUSTRALIA
WJ Edwards,AUSTRALIA
Elias Sunny,BANGLADESH
Fahad Nawaz,UAE
PG Gillespie,IRELAND
AAW Gunawardena,SRI LANKA
R Hekure,PNG
BE Hendricks,SOUTH AFRICA
KC Hodsoll,BERMUDA
Hussain Talat,PAKISTAN
Ibrahim Zadran,AFGHANISTAN
Irfan Sajid,UAE
Junaid Zia,PAKISTAN
K Kamyuka,CANADA
Kashif Raza,PAKISTAN
RJ Kirtley,ENGLAND
Masood Iqbal,PAKISTAN
SC Meaker,ENGLAND
DWO Morgan,BERMUDA
Morshed Ali Khan,BANGLADESH
SP Mukherjee,INDIA
Nadeem Khan,PAKISTAN
Nasir Javed,USOUTH AFRICA
DR O'Sullivan,NEW ZEALAND
R Pathan,CANADA
MR Pydanna,WEST INDIES
ACL Richards,WEST INDIES
Sameer Zia,UAE
JNK Shannon,IRELAND
GJ Thompson,IRELAND
PIC Thompson,WEST INDIES
MS Tshabalala,SOUTH AFRICA
AP Weerakkody,SRI LANKA
MD Wettimuny,SRI LANKA
DF Whatmore,AUSTRALIA
AGD Wickremasinghe,SRI LANKA
Abdul Rehman,UAE
Abu Hider,BANGLADESH
Alawi Shukri,UAE
Aminul Islam jnr,BANGLADESH
PJ Bakker,NL
KMC Bandara,SRI LANKA
Bilal Khan,OMAN
GA Cope,ENGLAND
MC Cowdrey,ENGLAND
CI Dunusinghe,SRI LANKA
MTG Elliott,AUSTRALIA
Fareed Ahmad,AFGHANISTAN
RS Ghai,INDIA
Gurdeep Singh,KENYAYA
Iqbal Sikander,PAKISTAN
SOUTH AFRICA Jayasinghe,SRI LANKA
SP Jones,ENGLAND
S Kaul,INDIA
B Laughlin,AUSTRALIA
SCG MacGill,AUSTRALIA
Mahmood Hamid,PAKISTAN
GJ McCarter,IRELAND
JM Mennie,AUSTRALIA
Mohammad Kashif,NL
Moniruzzaman,BANGLADESH
PV Mpitsang,SOUTH AFRICA
M Mulla,CANADA
W Mwayenga,ZIMBABWE
DP Nannes,AUSTRALIA
Nasim-ul-Ghani,PAKISTAN
NV Ojha,INDIA
G Onions,ENGLAND
KA Patel,KENYAYA
Y Punja,UAE
RR Ramdass,WEST INDIES
SJ Roberts,NEW ZEALAND
LC Romero,USOUTH AFRICA
R Sharma,INDIA
KJ Silva,SRI LANKA
AM Stuart,AUSTRALIA
Subashis Roy,BANGLADESH
JP Taylor,ENGLAND
LB Taylor,ENGLAND
JG Thomas,ENGLAND
S Tyagi,INDIA
KPJ Warnaweera,SRI LANKA
BA Westdijk,NL
J Yadav,INDIA
NS Yadav,INDIA
B Yograj Singh,INDIA
Yunus Badat,EAf
Aman Ali,UAE
J Angel,AUSTRALIA
Anwar Hossain Monir,BANGLADESH
S Baksh,CANADA
MRCN Bandaratilleke,SRI LANKA
JE Benjamin,ENGLAND
A Bhandari,INDIA
DL Blake,USOUTH AFRICA
BP Bracewell,NEW ZEALAND
RG Callender,CANADA
NM Carter,SCOTLAND
K Christie,HKG
Fahad Alhashmi,UAE
Fazle Mahmud,BANGLADESH
R Flannigan,SCOTLAND
LR Gibbs,WEST INDIES
N Gifford,ENGLAND
VD Grandia,NL
Hamza Tahir,SCOTLAND
RG Hart,NEW ZEALAND
Harunur Rashid,BANGLADESH
SM Harwood,AUSTRALIA
Ishtiaq Muhammad,HKG
Kaleemullah,OMAN
PHT Kaushal,SRI LANKA
GJP Kruger,SOUTH AFRICA
AGR Loudon,ENGLAND
OC McCoy,WEST INDIES
AW Mathieson,NEW ZEALAND
KP Meiyappan,UAE
JP Millmow,NEW ZEALAND
Mohammad Khalil,PAKISTAN
Mohammad Talha,PAKISTAN
D Mohammed,WEST INDIES
Naeem Ahmed,PAKISTAN
Najaf Shah,PAKISTAN
Naseer Malik,PAKISTAN
Nasir Hameed,HKG
AM Nayar,INDIA
N Ncube,ZIMBABWE
A Neill,SCOTLAND
MB Owens,NEW ZEALAND
NM Parker,NEW ZEALAND
NT Pascal,WEST INDIES
N Phillip,WEST INDIES
AG Puttick,SOUTH AFRICA
NV Radford,ENGLAND
Rafiqul Islam,BANGLADESH
CAK Rajitha,SRI LANKA
DR Ramsammy,CANADA
N Ranatunga,SRI LANKA
Raza Hasan,PAKISTAN
Rizwan Latif,UAE
Robiul Islam,BANGLADESH
Saqib Zulfiqar,NL
Shadab Kabir,PAKISTAN
Shakeel Khan,PAKISTAN
T Shamsi,SOUTH AFRICA
Simandeep Singh,HKG
GS Sobers,WEST INDIES
Tanvir Mehdi,PAKISTAN
M Venkataramana,INDIA
R Walters,NAM
CM Willoughby,SOUTH AFRICA
Zakir Hossain,BANGLADESH
Aamer Hameed,PAKISTAN
Abdur Rauf,PAKISTAN
Abu Jayed,BANGLADESH
FS Ahangama,SRI LANKA
GW Aldridge,NEW ZEALAND
ZS Ansari,ENGLAND
Ariful Haque,BANGLADESH
Ashfaq Ahmed,PAKISTAN
MD Bailey,NEW ZEALAND
GR Beard,AUSTRALIA